withdrawal, 800, 1234, 1452988800
deposit, 1000, 1235, 1452988800
withdrawal, 2200, 1236, 1452228800
deposit, 1200, 1236, 14521188800
withdrawal, 200, 1336, 1452988800
deposit, 100, 1237, 1452988800
withdrawal, 880, 1238, 1452988800
deposit, 420, 1239, 1452988800
withdrawal, 200, 1240, 1459988800
withdrawal, 9200, 1241, 1454988800
withdrawal, 4200, 1240, 1473988800
withdrawal, 4200, 1240, 1453988800
withdrawal, 44200, 1240, 2453988800
deposit,1100,1234,1286661600
withdrawal,2200,1235,1320966000
withdrawal,2200,1236,1320966000
deposit,2200,1236,1252360800deposit,1100,1,1286661600 
withdrawal,2200,1,1320966000 
withdrawal,2200,2,1320966000 
deposit,2200,3,1252360800 
withdrawal,2200,3,1252360800 
withdrawal,2200,4,1320966000 
withdrawal,2200,4,1320966000 
deposit,1100,1,1286661600 
withdrawal,2200,1,1320966000 
withdrawal,2200,2,1320966000 
deposit,2200,3,1252360800 
withdrawal,2200,3,1252360800 
withdrawal,2200,4,1320966000 
withdrawal,2200,4,1320966000 
deposit,1100,1,1286661600 
withdrawal,2200,1,1320966000 
withdrawal,2200,2,1320966000 
deposit,2200,3,1252360800 
withdrawal,2200,3,1252360800 
withdrawal,2200,4,1320966000 
withdrawal,2200,4,1320966000 
